<?xml version="1.0" encoding="UTF-8"?>
<project-private xmlns="http://www.netbeans.org/ns/project-private/1">
    <editor-bookmarks xmlns="http://www.netbeans.org/ns/editor-bookmarks/2" lastBookmarkId="0"/>
    <open-files xmlns="http://www.netbeans.org/ns/projectui-open-files/2">
        <group name="Sistemas paralelos">
            <file>file:/home/sila/GitLabRepos/socket-chatroom/TrabalhoFinal/src/trabalhofinal/Encryptor.java</file>
            <file>file:/home/sila/GitLabRepos/socket-chatroom/TrabalhoFinal/src/trabalhofinal/view/Login.java</file>
            <file>file:/home/sila/GitLabRepos/socket-chatroom/TrabalhoFinal/src/trabalhofinal/SecCrit.java</file>
            <file>file:/home/sila/GitLabRepos/socket-chatroom/TrabalhoFinal/src/trabalhofinal/view/InterfaceCliente.java</file>
            <file>file:/home/sila/GitLabRepos/socket-chatroom/TrabalhoFinal/src/trabalhofinal/Servidor.java</file>
            <file>file:/home/sila/GitLabRepos/socket-chatroom/TrabalhoFinal/src/trabalhofinal/Cliente.java</file>
            <file>file:/home/sila/GitLabRepos/socket-chatroom/TrabalhoFinal/src/trabalhofinal/control/TelaClienteController.java</file>
            <file>file:/home/sila/GitLabRepos/socket-chatroom/TrabalhoFinal/src/trabalhofinal/Ouvinte.java</file>
        </group>
    </open-files>
</project-private>
